{"name":"build-javascript","namedChunkGroups":{"polyfill":{"name":"polyfill","assets":[{"name":"webpack-runtime-4ccc5349a2592e6e0386.js","size":4919},{"name":"polyfill-211329ea04a9b7a94e3a.js","size":83519}],"filteredAssets":0,"assetsSize":88438,"filteredAuxiliaryAssets":2,"auxiliaryAssetsSize":223227},"app":{"name":"app","assets":[{"name":"webpack-runtime-4ccc5349a2592e6e0386.js","size":4919},{"name":"framework-115d23189b19f04922be.js","size":129762},{"name":"532a2f07-f97befafd74bf8dd0311.js","size":239089},{"name":"app-d0600a15731822e83d7a.js","size":69845}],"filteredAssets":0,"assetsSize":443615,"filteredAuxiliaryAssets":4,"auxiliaryAssetsSize":1154725},"component---src-pages-index-js":{"name":"component---src-pages-index-js","assets":[{"name":"styles.669e2737f4eaf03e0e74.css","size":9997},{"name":"component---src-pages-index-js-b9a79ca9d9ca543490c4.js","size":425485}],"filteredAssets":0,"assetsSize":435482,"filteredAuxiliaryAssets":3,"auxiliaryAssetsSize":1659682}},"assetsByChunkName":{"polyfill":["webpack-runtime-4ccc5349a2592e6e0386.js","polyfill-211329ea04a9b7a94e3a.js"],"app":["webpack-runtime-4ccc5349a2592e6e0386.js","framework-115d23189b19f04922be.js","532a2f07-f97befafd74bf8dd0311.js","app-d0600a15731822e83d7a.js"],"component---src-pages-index-js":["styles.669e2737f4eaf03e0e74.css","component---src-pages-index-js-b9a79ca9d9ca543490c4.js"]},"childAssetsByChunkName":{}}