{"name":"build-javascript","namedChunkGroups":{"polyfill":{"name":"polyfill","assets":[{"name":"webpack-runtime-dc3b80e69ca0cd2d77e8.js","size":4919},{"name":"polyfill-211329ea04a9b7a94e3a.js","size":83519}],"filteredAssets":0,"assetsSize":88438,"filteredAuxiliaryAssets":2,"auxiliaryAssetsSize":223227},"app":{"name":"app","assets":[{"name":"webpack-runtime-dc3b80e69ca0cd2d77e8.js","size":4919},{"name":"framework-115d23189b19f04922be.js","size":129762},{"name":"532a2f07-f97befafd74bf8dd0311.js","size":239089},{"name":"app-0e6aa591699ebe105a72.js","size":69844}],"filteredAssets":0,"assetsSize":443614,"filteredAuxiliaryAssets":4,"auxiliaryAssetsSize":1154725},"component---src-pages-index-js":{"name":"component---src-pages-index-js","assets":[{"name":"styles.43311b5bdb6ede81c02b.css","size":10786},{"name":"component---src-pages-index-js-b775d35c9c9d0fbd969b.js","size":425997}],"filteredAssets":0,"assetsSize":436783,"filteredAuxiliaryAssets":5,"auxiliaryAssetsSize":25672164}},"assetsByChunkName":{"polyfill":["webpack-runtime-dc3b80e69ca0cd2d77e8.js","polyfill-211329ea04a9b7a94e3a.js"],"app":["webpack-runtime-dc3b80e69ca0cd2d77e8.js","framework-115d23189b19f04922be.js","532a2f07-f97befafd74bf8dd0311.js","app-0e6aa591699ebe105a72.js"],"component---src-pages-index-js":["styles.43311b5bdb6ede81c02b.css","component---src-pages-index-js-b775d35c9c9d0fbd969b.js"]},"childAssetsByChunkName":{}}